filename,width,height,class,xmin,ymin,xmax,ymax
hands (1).jpeg,273,185,hands,75,38,202,124
hands (10).jpeg,288,175,hands,34,34,200,132
hands (100).jpeg,612,407,hands,64,110,304,345
hands (100).jpeg,612,407,hands,305,116,530,345
hands (101).jpeg,407,612,hands,49,88,396,523
hands (102).jpeg,612,408,hands,143,168,539,289
hands (103).jpeg,612,408,hands,8,4,612,408
hands (104).jpeg,612,408,hands,218,158,504,295
hands (105).jpeg,612,408,hands,174,71,376,305
hands (106).jpeg,612,408,hands,232,189,404,306
hands (107).jpeg,612,612,hands,132,293,522,540
hands (108).jpeg,612,408,hands,256,145,498,287
hands (109).jpeg,612,408,hands,145,105,454,316
hands (11).jpeg,265,190,hands,30,71,225,136
hands (110).jpeg,612,408,hands,91,30,487,378
hands (111).jpeg,408,612,hands,184,59,339,353
hands (111).jpeg,408,612,hands,73,164,201,460
hands (112).jpeg,612,410,hands,114,173,468,299
hands (113).jpeg,612,406,hands,36,51,473,340
hands (114).jpeg,408,612,hands,68,38,368,400
hands (115).jpeg,612,443,hands,112,192,412,297
hands (116).jpeg,612,585,hands,35,45,310,549
hands (116).jpeg,612,585,hands,297,45,577,531
hands (117).jpeg,612,376,hands,84,47,406,291
hands (118).jpeg,612,420,hands,28,26,167,277
hands (118).jpeg,612,420,hands,191,20,376,274
hands (118).jpeg,612,420,hands,366,17,593,249
hands (119).jpeg,467,612,hands,20,84,426,438
hands (12).jpeg,180,195,hands,35,37,130,126
hands (120).jpeg,612,408,hands,142,124,502,326
hands (121).jpeg,408,612,hands,117,166,265,439
hands (122).jpeg,612,399,hands,139,97,306,369
hands (122).jpeg,612,399,hands,303,105,464,368
hands (123).jpeg,612,408,hands,159,46,345,241
hands (124).jpeg,408,612,hands,70,32,345,337
hands (125).jpeg,612,408,hands,146,45,451,314
hands (126).jpeg,408,612,hands,128,31,312,378
hands (127).jpeg,612,459,hands,196,130,314,325
hands (127).jpeg,612,459,hands,305,133,416,323
hands (128).jpeg,612,487,hands,255,46,557,357
hands (129).jpeg,612,410,hands,185,133,549,274
hands (13).jpeg,275,183,hands,71,34,160,119
hands (130).jpeg,612,612,hands,8,38,107,128
hands (130).jpeg,612,612,hands,213,52,313,119
hands (130).jpeg,612,612,hands,421,38,520,130
hands (130).jpeg,612,612,hands,418,170,512,259
hands (130).jpeg,612,612,hands,415,280,517,364
hands (130).jpeg,612,612,hands,415,392,512,446
hands (130).jpeg,612,612,hands,319,503,413,545
hands (130).jpeg,612,612,hands,81,504,174,545
hands (130).jpeg,612,612,hands,214,374,315,455
hands (130).jpeg,612,612,hands,13,386,111,469
hands (130).jpeg,612,612,hands,10,275,109,355
hands (130).jpeg,612,612,hands,213,273,311,361
hands (130).jpeg,612,612,hands,213,186,307,251
hands (130).jpeg,612,612,hands,6,160,106,256
hands (131).jpeg,612,409,hands,279,182,515,253
hands (132).jpeg,408,612,hands,68,157,314,421
hands (133).jpeg,612,408,hands,100,209,325,312
hands (133).jpeg,612,408,hands,324,217,429,321
hands (134).jpeg,612,414,hands,84,156,249,300
hands (134).jpeg,612,414,hands,365,137,544,277
hands (135).jpeg,612,408,hands,20,50,367,320
hands (136).jpeg,612,408,hands,151,71,343,395
hands (137).jpeg,612,408,hands,136,24,429,301
hands (138).jpeg,612,355,hands,68,74,225,284
hands (138).jpeg,612,355,hands,220,81,405,292
hands (139).jpeg,469,612,hands,138,152,353,409
hands (14).jpeg,1000,667,hands,599,118,715,236
hands (14).jpeg,1000,667,hands,534,78,621,203
hands (14).jpeg,1000,667,hands,422,80,493,195
hands (14).jpeg,1000,667,hands,3,58,139,190
hands (14).jpeg,1000,667,hands,427,192,551,329
hands (14).jpeg,1000,667,hands,401,292,673,473
hands (14).jpeg,1000,667,hands,284,522,480,666
hands (14).jpeg,1000,667,hands,494,481,587,565
hands (140).jpeg,612,408,hands,26,199,306,382
hands (140).jpeg,612,408,hands,311,193,598,355
hands (141).jpeg,612,588,hands,40,6,102,66
hands (141).jpeg,612,588,hands,129,4,188,84
hands (141).jpeg,612,588,hands,204,2,261,67
hands (141).jpeg,612,588,hands,306,42,372,110
hands (141).jpeg,612,588,hands,383,12,438,68
hands (141).jpeg,612,588,hands,458,11,518,71
hands (141).jpeg,612,588,hands,538,1,593,62
hands (141).jpeg,612,588,hands,500,144,567,189
hands (141).jpeg,612,588,hands,424,91,482,144
hands (141).jpeg,612,588,hands,323,118,383,169
hands (141).jpeg,612,588,hands,246,117,296,160
hands (141).jpeg,612,588,hands,179,117,235,178
hands (141).jpeg,612,588,hands,13,108,61,165
hands (141).jpeg,612,588,hands,5,206,67,246
hands (141).jpeg,612,588,hands,147,202,188,263
hands (141).jpeg,612,588,hands,195,229,256,286
hands (141).jpeg,612,588,hands,326,194,383,251
hands (141).jpeg,612,588,hands,393,202,450,262
hands (141).jpeg,612,588,hands,497,226,553,286
hands (141).jpeg,612,588,hands,495,294,569,331
hands (141).jpeg,612,588,hands,400,283,454,324
hands (141).jpeg,612,588,hands,318,311,369,357
hands (141).jpeg,612,588,hands,202,300,264,333
hands (141).jpeg,612,588,hands,90,337,150,386
hands (141).jpeg,612,588,hands,30,271,84,328
hands (141).jpeg,612,588,hands,2,395,73,456
hands (141).jpeg,612,588,hands,183,417,247,469
hands (141).jpeg,612,588,hands,263,381,319,435
hands (141).jpeg,612,588,hands,352,384,416,439
hands (141).jpeg,612,588,hands,503,341,546,396
hands (141).jpeg,612,588,hands,556,369,604,425
hands (141).jpeg,612,588,hands,537,445,603,515
hands (141).jpeg,612,588,hands,468,450,529,513
hands (141).jpeg,612,588,hands,400,453,456,514
hands (141).jpeg,612,588,hands,324,450,384,512
hands (141).jpeg,612,588,hands,268,475,305,548
hands (141).jpeg,612,588,hands,213,472,250,548
hands (141).jpeg,612,588,hands,89,481,139,526
hands (141).jpeg,612,588,hands,91,524,146,565
hands (141).jpeg,612,588,hands,31,476,79,541
hands (142).jpeg,612,503,hands,96,97,310,431
hands (142).jpeg,612,503,hands,306,89,520,423
hands (143).jpeg,612,251,hands,27,61,388,225
hands (144).jpeg,612,408,hands,175,45,483,360
hands (145).jpeg,612,408,hands,143,47,314,371
hands (145).jpeg,612,408,hands,308,49,478,355
hands (146).jpeg,612,408,hands,77,237,301,358
hands (147).jpeg,612,408,hands,88,228,338,328
hands (147).jpeg,612,408,hands,95,52,349,180
hands (148).jpeg,612,408,hands,163,128,390,257
hands (148).jpeg,612,408,hands,301,137,515,322
hands (149).jpeg,400,612,hands,95,121,314,372
hands (15).jpeg,612,612,hands,169,56,491,442
hands (150).jpeg,612,344,hands,195,35,576,185
hands (151).jpeg,612,585,hands,57,382,399,537
hands (152).jpeg,612,411,hands,138,113,350,293
hands (153).jpeg,612,408,hands,51,159,394,261
hands (154).jpeg,612,408,hands,205,162,406,346
hands (155).jpeg,612,408,hands,193,164,312,356
hands (155).jpeg,612,408,hands,306,165,424,351
hands (156).jpeg,612,527,hands,104,84,488,448
hands (157).jpeg,612,511,hands,151,242,448,392
hands (158).jpeg,612,452,hands,1,5,608,452
hands (159).jpeg,612,408,hands,85,77,522,303
hands (16).jpeg,612,408,hands,14,73,338,177
hands (16).jpeg,612,408,hands,19,196,335,320
hands (160).jpeg,612,408,hands,97,60,292,255
hands (160).jpeg,612,408,hands,286,66,506,237
hands (161).jpeg,612,612,hands,71,97,292,405
hands (161).jpeg,612,612,hands,344,89,573,408
hands (162).jpeg,612,458,hands,116,111,427,232
hands (163).jpeg,612,405,hands,112,184,473,327
hands (164).jpeg,612,406,hands,174,132,497,263
hands (165).jpeg,612,408,hands,153,61,323,350
hands (165).jpeg,612,408,hands,313,61,501,337
hands (166).jpeg,612,408,hands,220,226,391,299
hands (167).jpeg,612,408,hands,256,98,546,292
hands (167).jpeg,612,408,hands,320,74,568,190
hands (167).jpeg,612,408,hands,277,196,490,408
hands (168).jpeg,612,408,hands,220,112,476,332
hands (169).jpeg,612,408,hands,21,67,393,308
hands (17).jpeg,612,408,hands,93,58,443,363
hands (170).jpeg,612,408,hands,78,155,380,335
hands (171).jpeg,612,408,hands,54,80,366,235
hands (172).jpeg,529,612,hands,11,9,145,96
hands (172).jpeg,529,612,hands,249,21,426,92
hands (172).jpeg,529,612,hands,265,153,419,229
hands (172).jpeg,529,612,hands,8,166,164,253
hands (172).jpeg,529,612,hands,308,325,459,418
hands (172).jpeg,529,612,hands,20,302,169,391
hands (172).jpeg,529,612,hands,114,468,283,544
hands (172).jpeg,529,612,hands,371,469,527,559
hands (173).jpeg,612,408,hands,138,171,293,279
hands (173).jpeg,612,408,hands,301,163,467,314
hands (174).jpeg,612,445,hands,180,173,357,284
hands (174).jpeg,612,445,hands,329,137,478,279
hands (175).jpeg,612,424,hands,50,73,309,388
hands (175).jpeg,612,424,hands,309,82,570,373
hands (176).jpeg,612,377,hands,32,53,428,208
hands (177).jpeg,408,612,hands,102,128,321,398
hands (178).jpeg,612,408,hands,243,93,524,320
hands (179).jpeg,612,366,hands,146,106,363,232
hands (18).jpeg,612,439,hands,44,103,256,295
hands (18).jpeg,612,439,hands,265,96,451,303
hands (180).jpeg,612,478,hands,292,185,457,269
hands (181).jpeg,612,408,hands,119,85,511,330
hands (182).jpeg,612,408,hands,145,153,296,348
hands (182).jpeg,612,408,hands,292,163,446,342
hands (183).jpeg,612,408,hands,101,100,267,247
hands (183).jpeg,612,408,hands,236,155,387,331
hands (184).jpeg,612,408,hands,153,96,441,293
hands (185).jpeg,612,344,hands,1,1,441,267
hands (186).jpeg,612,408,hands,45,121,154,250
hands (186).jpeg,612,408,hands,470,126,576,250
hands (187).jpeg,612,408,hands,175,142,393,246
hands (188).jpeg,612,408,hands,30,39,272,290
hands (188).jpeg,612,408,hands,308,25,549,284
hands (189).jpeg,612,408,hands,263,87,454,298
hands (19).jpeg,612,407,hands,1,1,612,407
hands (190).jpeg,612,408,hands,210,114,490,259
hands (191).jpeg,612,462,hands,33,133,115,275
hands (191).jpeg,612,462,hands,106,154,178,302
hands (191).jpeg,612,462,hands,175,143,247,258
hands (191).jpeg,612,462,hands,227,201,302,327
hands (191).jpeg,612,462,hands,287,156,358,286
hands (191).jpeg,612,462,hands,339,205,415,338
hands (191).jpeg,612,462,hands,380,140,462,264
hands (191).jpeg,612,462,hands,438,176,506,304
hands (191).jpeg,612,462,hands,489,153,561,294
hands (192).jpeg,612,410,hands,220,64,301,293
hands (192).jpeg,612,410,hands,310,46,395,285
hands (193).jpeg,612,408,hands,273,166,566,276
hands (194).jpeg,612,408,hands,49,49,310,333
hands (194).jpeg,612,408,hands,314,45,539,327
hands (195).jpeg,612,408,hands,69,154,254,301
hands (195).jpeg,612,408,hands,337,161,525,332
hands (196).jpeg,612,480,hands,99,134,383,296
hands (197).jpeg,612,408,hands,91,43,330,388
hands (197).jpeg,612,408,hands,306,44,536,372
hands (198).jpeg,612,408,hands,87,95,334,287
hands (199).jpeg,459,612,hands,122,39,391,324
hands (2).jpeg,251,201,hands,44,112,187,161
hands (20).jpeg,459,612,hands,129,28,391,332
hands (200).jpeg,396,612,hands,61,204,354,515
hands (201).jpeg,612,408,hands,175,11,540,346
hands (202).jpeg,408,612,hands,17,168,218,468
hands (202).jpeg,408,612,hands,202,169,389,476
hands (203).jpeg,612,408,hands,23,60,164,218
hands (203).jpeg,612,408,hands,133,214,280,355
hands (203).jpeg,612,408,hands,288,240,433,366
hands (203).jpeg,612,408,hands,254,50,387,197
hands (203).jpeg,612,408,hands,419,46,564,206
hands (204).jpeg,612,612,hands,139,28,306,162
hands (204).jpeg,612,612,hands,311,40,494,135
hands (204).jpeg,612,612,hands,290,143,481,311
hands (204).jpeg,612,612,hands,337,325,496,418
hands (204).jpeg,612,612,hands,485,439,569,593
hands (204).jpeg,612,612,hands,306,439,426,575
hands (204).jpeg,612,612,hands,167,457,280,573
hands (204).jpeg,612,612,hands,22,456,135,570
hands (204).jpeg,612,612,hands,62,315,237,461
hands (204).jpeg,612,612,hands,77,176,221,302
hands (205).jpeg,612,612,hands,119,264,574,458
hands (206).jpeg,612,408,hands,126,43,403,159
hands (206).jpeg,612,408,hands,130,243,381,370
hands (207).jpeg,612,408,hands,57,77,495,352
hands (208).jpeg,612,408,hands,56,142,303,294
hands (209).jpeg,612,408,hands,85,263,356,369
hands (209).jpeg,612,408,hands,256,60,520,204
hands (21).jpeg,612,406,hands,211,117,498,265
hands (210).jpeg,612,408,hands,169,96,526,400
hands (210).jpeg,612,408,hands,66,43,245,195
hands (211).jpeg,406,612,hands,20,134,219,449
hands (211).jpeg,406,612,hands,204,129,401,452
hands (212).jpeg,612,408,hands,27,72,316,305
hands (213).jpeg,612,393,hands,36,41,284,359
hands (213).jpeg,612,393,hands,297,44,562,349
hands (214).jpeg,612,408,hands,145,68,305,287
hands (214).jpeg,612,408,hands,307,75,494,276
hands (215).jpeg,612,408,hands,157,81,476,345
hands (216).jpeg,408,612,hands,72,31,339,340
hands (217).jpeg,612,443,hands,108,187,411,302
hands (218).jpeg,612,408,hands,153,169,349,237
hands (219).jpeg,612,408,hands,304,56,506,387
hands (219).jpeg,612,408,hands,72,182,297,408
hands (22).jpeg,612,344,hands,271,131,586,327
hands (220).jpeg,612,408,hands,64,87,329,303
hands (221).jpeg,612,408,hands,137,102,427,256
hands (222).jpeg,612,407,hands,294,124,544,297
hands (223).jpeg,612,612,hands,103,161,512,509
hands (224).jpeg,612,408,hands,174,95,450,350
hands (225).jpeg,612,411,hands,99,143,310,320
hands (225).jpeg,612,411,hands,311,146,522,316
hands (226).jpeg,612,408,hands,1,184,186,342
hands (226).jpeg,612,408,hands,208,130,453,270
hands (226).jpeg,612,408,hands,432,103,590,237
hands (227).jpeg,612,408,hands,46,98,354,374
hands (228).jpeg,612,344,hands,125,109,399,213
hands (229).jpeg,612,383,hands,241,144,454,246
hands (23).jpeg,612,156,hands,30,18,105,139
hands (23).jpeg,612,156,hands,143,11,230,142
hands (23).jpeg,612,156,hands,264,11,341,145
hands (23).jpeg,612,156,hands,386,11,467,145
hands (23).jpeg,612,156,hands,495,3,603,135
hands (230).jpeg,612,408,hands,69,185,503,408
hands (231).jpeg,612,408,hands,163,150,300,291
hands (231).jpeg,612,408,hands,301,153,441,290
hands (232).jpeg,408,612,hands,37,87,368,396
hands (233).jpeg,612,408,hands,18,116,436,327
hands (234).jpeg,612,405,hands,125,117,530,360
hands (235).jpeg,612,408,hands,47,56,587,378
hands (236).jpeg,612,408,hands,132,140,395,337
hands (236).jpeg,612,408,hands,35,202,140,310
hands (237).jpeg,416,612,hands,16,48,391,464
hands (238).jpeg,612,408,hands,228,21,389,360
hands (239).jpeg,408,612,hands,39,127,383,468
hands (24).jpeg,612,525,hands,130,157,512,471
hands (240).jpeg,459,612,hands,122,63,427,325
hands (241).jpeg,612,408,hands,25,13,590,398
hands (242).jpeg,612,330,hands,197,19,288,202
hands (242).jpeg,612,330,hands,297,19,391,208
hands (243).jpeg,612,408,hands,228,42,420,262
hands (244).jpeg,408,612,hands,84,131,355,500
hands (245).jpeg,408,612,hands,47,50,373,442
hands (246).jpeg,612,128,hands,11,38,76,105
hands (246).jpeg,612,128,hands,83,15,155,87
hands (246).jpeg,612,128,hands,163,41,224,114
hands (246).jpeg,612,128,hands,232,45,301,111
hands (246).jpeg,612,128,hands,309,23,374,100
hands (246).jpeg,612,128,hands,387,45,455,115
hands (246).jpeg,612,128,hands,456,31,519,107
hands (246).jpeg,612,128,hands,522,52,587,113
hands (247).jpeg,612,405,hands,68,74,517,333
hands (248).jpeg,612,408,hands,61,17,361,357
hands (248).jpeg,612,408,hands,301,60,556,353
hands (249).jpeg,612,612,hands,117,318,527,563
hands (25).jpeg,612,459,hands,128,48,391,306
hands (251).jpeg,612,408,hands,114,128,320,375
hands (251).jpeg,612,408,hands,299,119,488,366
hands (252).jpeg,612,408,hands,43,216,451,379
hands (253).jpeg,612,417,hands,183,60,309,360
hands (253).jpeg,612,417,hands,300,70,447,365
hands (254).jpeg,612,310,hands,239,38,453,209
hands (254).jpeg,612,310,hands,387,73,585,237
hands (255).jpeg,612,408,hands,84,176,435,351
hands (256).jpeg,612,408,hands,139,95,424,229
hands (256).jpeg,612,408,hands,125,258,435,389
hands (257).jpeg,612,229,hands,24,52,405,196
hands (258).jpeg,612,408,hands,123,111,373,321
hands (259).jpeg,612,406,hands,30,62,190,219
hands (259).jpeg,612,406,hands,201,112,342,268
hands (259).jpeg,612,406,hands,351,151,478,285
hands (259).jpeg,612,406,hands,478,233,600,324
hands (26).jpeg,612,408,hands,90,8,298,313
hands (26).jpeg,612,408,hands,298,14,484,312
hands (260).jpeg,375,612,hands,108,104,262,344
hands (261).jpeg,612,409,hands,229,36,382,309
hands (262).jpeg,612,436,hands,65,74,290,317
hands (263).jpeg,612,408,hands,271,42,532,265
hands (263).jpeg,612,408,hands,80,127,436,358
hands (264).jpeg,612,408,hands,2,3,473,404
hands (265).jpeg,612,408,hands,139,87,453,408
hands (266).jpeg,408,612,hands,63,69,333,430
hands (267).jpeg,612,408,hands,197,55,437,251
hands (268).jpeg,612,455,hands,136,189,392,303
hands (269).jpeg,612,390,hands,16,158,100,279
hands (269).jpeg,612,390,hands,80,157,157,303
hands (269).jpeg,612,390,hands,164,141,260,294
hands (269).jpeg,612,390,hands,218,107,294,217
hands (269).jpeg,612,390,hands,271,116,349,250
hands (269).jpeg,612,390,hands,332,204,410,361
hands (269).jpeg,612,390,hands,396,114,460,239
hands (269).jpeg,612,390,hands,446,216,529,381
hands (269).jpeg,612,390,hands,522,135,597,278
hands (27).jpeg,612,443,hands,96,86,402,358
hands (270).jpeg,612,408,hands,204,65,423,298
hands (271).jpeg,612,406,hands,49,63,405,233
hands (271).jpeg,612,406,hands,234,163,531,328
hands (272).jpeg,612,410,hands,99,47,317,191
hands (272).jpeg,612,410,hands,91,167,330,319
hands (273).jpeg,612,408,hands,193,12,385,263
hands (274).jpeg,612,408,hands,122,84,449,293
hands (275).jpeg,612,408,hands,143,92,461,334
hands (276).jpeg,612,408,hands,249,115,472,273
hands (277).jpeg,612,373,hands,91,52,527,355
hands (278).jpeg,612,413,hands,44,69,136,207
hands (278).jpeg,612,413,hands,141,64,232,235
hands (278).jpeg,612,413,hands,242,66,325,237
hands (278).jpeg,612,413,hands,343,69,433,238
hands (278).jpeg,612,413,hands,444,68,576,230
hands (279).jpeg,612,422,hands,131,83,511,367
hands (28).jpeg,612,479,hands,87,53,537,375
hands (280).jpeg,612,318,hands,60,111,347,237
hands (281).jpeg,612,408,hands,319,92,559,287
hands (282).jpeg,612,205,hands,28,29,119,181
hands (282).jpeg,612,205,hands,139,23,220,181
hands (282).jpeg,612,205,hands,248,23,336,186
hands (282).jpeg,612,205,hands,356,25,449,184
hands (282).jpeg,612,205,hands,466,24,587,182
hands (283).jpeg,612,389,hands,60,152,476,265
hands (284).jpeg,612,408,hands,91,41,297,316
hands (284).jpeg,612,408,hands,310,33,541,333
hands (285).jpeg,612,459,hands,47,62,312,355
hands (285).jpeg,612,459,hands,325,64,580,332
hands (286).jpeg,612,414,hands,163,82,452,336
hands (287).jpeg,612,365,hands,65,143,278,258
hands (287).jpeg,612,365,hands,208,240,332,334
hands (287).jpeg,612,365,hands,326,211,561,331
hands (287).jpeg,612,365,hands,350,91,537,219
hands (287).jpeg,612,365,hands,136,61,356,197
hands (288).jpeg,612,180,hands,23,66,110,134
hands (288).jpeg,612,180,hands,123,23,188,142
hands (288).jpeg,612,180,hands,201,13,274,139
hands (288).jpeg,612,180,hands,292,15,366,142
hands (288).jpeg,612,180,hands,374,14,471,146
hands (288).jpeg,612,180,hands,479,18,592,136
hands (289).jpeg,612,408,hands,193,82,378,271
hands (29).jpeg,612,490,hands,116,252,457,413
hands (290).jpeg,612,408,hands,188,96,306,261
hands (290).jpeg,612,408,hands,301,103,437,263
hands (291).jpeg,612,291,hands,272,43,485,194
hands (292).jpeg,612,561,hands,53,175,352,516
hands (293).jpeg,612,408,hands,242,63,396,206
hands (294).jpeg,612,409,hands,88,131,403,321
hands (295).jpeg,612,408,hands,48,20,288,285
hands (295).jpeg,612,408,hands,359,29,591,293
hands (296).jpeg,408,612,hands,29,77,385,491
hands (297).jpeg,408,612,hands,84,30,319,313
hands (298).jpeg,612,408,hands,162,71,458,299
hands (299).jpeg,612,413,hands,241,24,417,290
hands (3).jpeg,266,189,hands,41,37,172,80
hands (30).jpeg,537,612,hands,149,85,434,420
hands (300).jpeg,408,612,hands,29,98,335,368
hands (301).jpeg,612,408,hands,80,47,316,344
hands (301).jpeg,612,408,hands,325,32,545,345
hands (302).jpeg,612,407,hands,269,109,538,334
hands (303).jpeg,612,459,hands,32,118,366,277
hands (303).jpeg,612,459,hands,298,82,607,325
hands (304).jpeg,612,271,hands,12,85,274,236
hands (304).jpeg,612,271,hands,370,25,551,131
hands (304).jpeg,612,271,hands,369,174,535,258
hands (305).jpeg,612,410,hands,42,146,187,292
hands (305).jpeg,612,410,hands,189,144,298,300
hands (305).jpeg,612,410,hands,302,172,434,323
hands (305).jpeg,612,410,hands,448,149,542,292
hands (306).jpeg,612,408,hands,177,120,495,303
hands (307).jpeg,612,425,hands,49,126,336,297
hands (308).jpeg,612,408,hands,224,137,471,261
hands (309).jpeg,612,604,hands,185,35,451,340
hands (31).jpeg,612,291,hands,23,44,398,198
hands (310).jpeg,612,359,hands,120,89,302,292
hands (310).jpeg,612,359,hands,320,85,511,285
hands (311).jpeg,612,408,hands,64,146,430,324
hands (312).jpeg,612,408,hands,127,213,555,335
hands (313).jpeg,612,505,hands,79,58,303,471
hands (313).jpeg,612,505,hands,311,59,536,473
hands (314).jpeg,612,399,hands,46,63,289,264
hands (314).jpeg,612,399,hands,332,61,583,271
hands (315).jpeg,612,458,hands,114,96,427,239
hands (316).jpeg,612,408,hands,121,1,447,408
hands (317).jpeg,358,612,hands,96,125,306,348
hands (318).jpeg,409,612,hands,47,23,326,514
hands (319).jpeg,612,442,hands,32,185,349,313
hands (319).jpeg,612,442,hands,324,138,612,273
hands (32).jpeg,408,612,hands,69,47,382,395
hands (320).jpeg,437,612,hands,101,68,358,327
hands (321).jpeg,408,612,hands,120,284,279,478
hands (321).jpeg,408,612,hands,95,116,290,283
hands (322).jpeg,612,360,hands,1,166,39,242
hands (322).jpeg,612,360,hands,9,247,62,326
hands (322).jpeg,612,360,hands,37,183,93,260
hands (322).jpeg,612,360,hands,82,148,136,209
hands (322).jpeg,612,360,hands,106,209,166,296
hands (322).jpeg,612,360,hands,148,137,206,226
hands (322).jpeg,612,360,hands,211,187,260,264
hands (322).jpeg,612,360,hands,250,229,319,321
hands (322).jpeg,612,360,hands,257,168,316,246
hands (322).jpeg,612,360,hands,301,130,360,224
hands (322).jpeg,612,360,hands,359,207,411,296
hands (322).jpeg,612,360,hands,389,150,457,236
hands (322).jpeg,612,360,hands,441,200,494,290
hands (322).jpeg,612,360,hands,465,141,515,218
hands (322).jpeg,612,360,hands,522,166,557,251
hands (322).jpeg,612,360,hands,524,239,595,321
hands (322).jpeg,612,360,hands,580,170,612,249
hands (323).jpeg,612,408,hands,85,117,399,337
hands (324).jpeg,612,452,hands,160,3,304,312
hands (324).jpeg,612,452,hands,90,191,214,451
hands (325).jpeg,612,408,hands,4,72,588,369
hands (326).jpeg,612,408,hands,73,4,427,274
hands (326).jpeg,612,408,hands,249,69,541,359
hands (327).jpeg,612,477,hands,19,20,296,431
hands (327).jpeg,612,477,hands,315,20,600,439
hands (328).jpeg,612,334,hands,41,167,218,289
hands (329).jpeg,612,351,hands,57,66,202,311
hands (329).jpeg,612,351,hands,226,65,396,290
hands (329).jpeg,612,351,hands,410,121,561,297
hands (33).jpeg,612,399,hands,78,56,170,218
hands (33).jpeg,612,399,hands,186,89,249,219
hands (33).jpeg,612,399,hands,247,61,319,206
hands (33).jpeg,612,399,hands,341,127,414,262
hands (33).jpeg,612,399,hands,439,98,512,245
hands (33).jpeg,612,399,hands,509,186,583,315
hands (330).jpeg,100,100,hands,24,16,79,79
hands (331).jpeg,100,100,hands,23,1,62,42
hands (332).jpeg,100,100,hands,1,1,100,89
hands (333).jpeg,225,225,hands,45,8,179,158
hands (334).jpeg,259,194,hands,55,2,250,193
hands (335).jpeg,225,225,hands,20,9,184,175
hands (336).jpeg,221,228,hands,22,16,183,188
hands (337).jpeg,259,194,hands,9,25,259,193
hands (338).jpeg,260,194,hands,60,7,166,117
hands (338).jpeg,260,194,hands,75,78,175,179
hands (339).jpeg,195,259,hands,23,39,177,194
hands (34).jpeg,612,408,hands,63,49,285,266
hands (340).jpeg,259,194,hands,31,5,244,168
hands (341).jpeg,225,225,hands,38,67,183,207
hands (342).jpeg,259,194,hands,81,2,259,180
hands (343).jpeg,225,224,hands,15,27,179,202
hands (344).jpeg,275,183,hands,38,17,180,161
hands (345).jpeg,221,228,hands,54,62,187,181
hands (346).jpeg,248,203,hands,39,3,199,202
hands (347).jpeg,194,259,hands,44,46,165,171
hands (347).jpeg,194,259,hands,24,161,164,252
hands (348).jpeg,276,183,hands,1,49,211,183
hands (349).jpeg,225,225,hands,10,6,189,215
hands (35).jpeg,612,364,hands,144,14,302,337
hands (35).jpeg,612,364,hands,296,13,463,333
hands (350).jpeg,286,176,hands,33,1,283,145
hands (351).jpeg,225,225,hands,61,78,177,220
hands (352).jpeg,100,100,hands,18,7,77,93
hands (353).jpeg,275,183,hands,1,1,200,104
hands (353).jpeg,275,183,hands,79,72,275,183
hands (354).jpeg,225,225,hands,4,3,70,72
hands (354).jpeg,225,225,hands,11,74,72,144
hands (354).jpeg,225,225,hands,5,151,71,224
hands (354).jpeg,225,225,hands,80,160,147,220
hands (354).jpeg,225,225,hands,172,157,215,220
hands (354).jpeg,225,225,hands,169,76,222,148
hands (354).jpeg,225,225,hands,86,88,137,145
hands (354).jpeg,225,225,hands,91,11,133,73
hands (354).jpeg,225,225,hands,173,1,225,70
hands (355).jpeg,275,183,hands,9,27,140,159
hands (355).jpeg,275,183,hands,128,4,255,142
hands (356).jpeg,248,203,hands,5,53,74,111
hands (357).jpeg,228,221,hands,1,18,204,216
hands (358).jpeg,231,218,hands,41,39,183,183
hands (359).jpeg,318,159,hands,32,13,189,154
hands (359).jpeg,318,159,hands,173,22,299,144
hands (36).jpeg,612,445,hands,52,18,322,434
hands (36).jpeg,612,445,hands,317,16,577,428
hands (360).jpeg,275,183,hands,73,16,143,90
hands (360).jpeg,275,183,hands,65,97,155,161
hands (361).jpeg,183,275,hands,64,70,155,215
hands (362).jpeg,194,259,hands,53,80,126,124
hands (362).jpeg,194,259,hands,105,98,189,186
hands (363).jpeg,100,100,hands,1,4,46,97
hands (363).jpeg,100,100,hands,50,5,100,100
hands (364).jpeg,100,100,hands,15,29,82,94
hands (365).jpeg,265,190,hands,47,22,163,150
hands (366).jpeg,275,183,hands,13,36,135,138
hands (366).jpeg,275,183,hands,155,47,268,154
hands (367).jpeg,259,194,hands,14,3,168,192
hands (368).jpeg,225,225,hands,77,31,138,144
hands (369).jpeg,100,100,hands,12,13,89,85
hands (37).jpeg,612,407,hands,146,111,317,348
hands (37).jpeg,612,407,hands,301,118,451,310
hands (370).jpeg,195,259,hands,28,117,108,193
hands (371).jpeg,225,225,hands,31,16,177,194
hands (372).jpeg,195,259,hands,27,55,177,238
hands (373).jpeg,300,168,hands,32,24,181,160
hands (373).jpeg,300,168,hands,130,13,246,142
hands (374).jpeg,259,194,hands,44,6,183,160
hands (375).jpeg,100,100,hands,1,7,49,74
hands (375).jpeg,100,100,hands,53,7,100,72
hands (376).jpeg,259,194,hands,15,54,154,178
hands (377).jpeg,173,280,hands,54,69,162,217
hands (378).jpeg,275,183,hands,66,26,110,82
hands (378).jpeg,275,183,hands,115,27,159,82
hands (378).jpeg,275,183,hands,163,25,207,85
hands (378).jpeg,275,183,hands,161,95,209,157
hands (378).jpeg,275,183,hands,116,100,160,155
hands (378).jpeg,275,183,hands,68,99,111,153
hands (379).jpeg,100,100,hands,1,2,41,92
hands (379).jpeg,100,100,hands,64,1,100,93
hands (38).jpeg,612,408,hands,304,145,566,219
hands (380).jpeg,100,100,hands,32,4,89,93
hands (381).jpeg,373,135,hands,26,28,70,105
hands (381).jpeg,373,135,hands,74,42,111,105
hands (381).jpeg,373,135,hands,114,26,156,101
hands (381).jpeg,373,135,hands,159,27,198,97
hands (381).jpeg,373,135,hands,202,22,243,100
hands (381).jpeg,373,135,hands,243,21,288,94
hands (381).jpeg,373,135,hands,289,21,349,105
hands (382).jpeg,310,163,hands,80,41,227,143
hands (383).jpeg,279,181,hands,12,38,244,144
hands (384).jpeg,311,162,hands,50,41,243,160
hands (385).jpeg,183,275,hands,22,62,157,226
hands (386).jpeg,225,225,hands,131,42,212,112
hands (386).jpeg,225,225,hands,137,136,216,208
hands (387).jpeg,225,225,hands,1,1,221,215
hands (388).jpeg,318,159,hands,28,3,308,152
hands (389).jpeg,259,194,hands,23,3,247,167
hands (39).jpeg,612,408,hands,24,18,548,366
hands (390).jpeg,180,280,hands,9,62,159,220
hands (391).jpeg,175,288,hands,2,3,168,221
hands (392).jpeg,275,183,hands,60,20,133,133
hands (392).jpeg,275,183,hands,141,20,214,134
hands (393).jpeg,183,275,hands,39,42,144,205
hands (394).jpeg,262,193,hands,78,3,254,164
hands (395).jpeg,225,225,hands,63,8,199,172
hands (396).jpeg,267,189,hands,38,45,179,106
hands (397).jpeg,266,189,hands,39,73,217,142
hands (398).jpeg,100,100,hands,2,5,100,92
hands (399).jpeg,299,168,hands,85,18,186,168
hands (4).jpeg,266,189,hands,40,54,154,126
hands (40).jpeg,612,422,hands,122,147,332,377
hands (40).jpeg,612,422,hands,305,28,540,235
hands (400).jpeg,259,194,hands,15,8,244,184
hands (401).jpeg,100,100,hands,1,10,73,52
hands (402).jpeg,251,201,hands,85,47,186,125
hands (403).jpeg,275,183,hands,40,52,164,115
hands (404).jpeg,254,199,hands,91,16,170,167
hands (405).jpeg,194,260,hands,1,1,175,229
hands (406).jpeg,250,201,hands,59,85,224,137
hands (407).jpeg,261,193,hands,75,24,172,125
hands (408).jpeg,205,246,hands,68,84,145,173
hands (409).jpeg,252,200,hands,98,56,243,143
hands (41).jpeg,612,459,hands,124,84,254,345
hands (41).jpeg,612,459,hands,359,86,493,334
hands (410).jpeg,178,283,hands,3,35,175,176
hands (411).jpeg,216,233,hands,45,30,179,158
hands (412).jpeg,275,183,hands,21,5,238,169
hands (413).jpeg,260,194,hands,26,16,133,164
hands (413).jpeg,260,194,hands,136,15,212,161
hands (414).jpeg,275,183,hands,10,24,192,143
hands (415).jpeg,277,182,hands,136,39,273,124
hands (416).jpeg,275,183,hands,43,81,155,136
hands (417).jpeg,262,192,hands,79,71,243,116
hands (418).jpeg,268,188,hands,113,40,242,114
hands (419).jpeg,275,183,hands,97,89,240,137
hands (42).jpeg,612,408,hands,3,96,89,210
hands (42).jpeg,612,408,hands,74,18,202,160
hands (42).jpeg,612,408,hands,163,101,261,228
hands (42).jpeg,612,408,hands,238,144,315,250
hands (42).jpeg,612,408,hands,317,76,397,193
hands (42).jpeg,612,408,hands,370,103,453,223
hands (42).jpeg,612,408,hands,454,114,533,229
hands (42).jpeg,612,408,hands,487,63,579,184
hands (420).jpeg,309,163,hands,94,49,247,132
hands (421).jpeg,100,100,hands,11,1,96,100
hands (422).jpeg,178,283,hands,27,37,175,202
hands (423).jpeg,259,194,hands,19,26,222,176
hands (424).jpeg,248,204,hands,20,37,117,147
hands (424).jpeg,248,204,hands,119,40,229,143
hands (425).jpeg,267,189,hands,73,31,228,144
hands (426).jpeg,200,200,hands,28,5,186,187
hands (427).jpeg,299,168,hands,135,55,288,122
hands (428).jpeg,275,183,hands,3,6,214,160
hands (429).jpeg,246,205,hands,129,42,211,153
hands (43).jpeg,612,408,hands,103,95,487,353
hands (430).jpeg,275,183,hands,56,50,186,125
hands (431).jpeg,275,183,hands,39,55,169,117
hands (432).jpeg,275,183,hands,55,52,199,163
hands (433).jpeg,275,183,hands,1,3,251,183
hands (434).jpeg,268,188,hands,81,7,242,136
hands (435).jpeg,275,183,hands,22,19,232,165
hands (436).jpeg,294,172,hands,60,25,217,109
hands (437).jpeg,247,204,hands,20,48,122,167
hands (437).jpeg,247,204,hands,127,53,234,160
hands (438).jpeg,262,192,hands,1,1,259,172
hands (439).jpeg,266,190,hands,104,57,244,169
hands (44).jpeg,612,409,hands,298,145,507,322
hands (440).jpeg,260,194,hands,86,33,184,107
hands (440).jpeg,260,194,hands,102,92,182,153
hands (441).jpeg,297,170,hands,45,55,262,159
hands (442).jpeg,225,225,hands,10,12,190,176
hands (443).jpeg,275,183,hands,86,41,202,131
hands (444).jpeg,275,183,hands,63,36,202,91
hands (445).jpeg,268,188,hands,92,47,211,145
hands (446).jpeg,275,183,hands,58,38,172,113
hands (447).jpeg,245,206,hands,30,44,164,91
hands (448).jpeg,255,198,hands,39,15,228,164
hands (449).jpeg,275,183,hands,55,51,190,105
hands (45).jpeg,451,612,hands,160,183,311,416
hands (450).jpeg,267,189,hands,50,60,154,113
hands (450).jpeg,267,189,hands,55,109,156,161
hands (451).jpeg,189,267,hands,41,31,144,202
hands (452).jpeg,178,284,hands,33,23,160,201
hands (453).jpeg,234,216,hands,57,49,166,149
hands (454).jpeg,275,183,hands,61,111,184,151
hands (455).jpeg,263,192,hands,6,20,181,174
hands (456).jpeg,267,189,hands,87,26,177,137
hands (457).jpeg,275,183,hands,42,54,172,123
hands (458).jpeg,239,210,hands,86,42,215,173
hands (459).jpeg,192,262,hands,46,38,145,211
hands (46).jpeg,612,408,hands,155,39,390,309
hands (460).jpeg,267,189,hands,43,45,237,139
hands (461).jpeg,266,189,hands,7,74,117,116
hands (462).jpeg,255,160,hands,59,30,187,135
hands (463).jpeg,260,194,hands,124,22,228,119
hands (464).jpeg,276,183,hands,106,32,244,152
hands (465).jpeg,300,168,hands,113,9,259,138
hands (465).jpeg,300,168,hands,1,117,108,168
hands (466).jpeg,275,183,hands,68,5,213,156
hands (467).jpeg,237,212,hands,52,116,201,182
hands (468).jpeg,259,194,hands,22,10,186,176
hands (469).jpeg,275,183,hands,104,24,223,122
hands (47).jpeg,612,408,hands,140,53,280,289
hands (470).jpeg,173,291,hands,43,26,127,189
hands (471).jpeg,264,191,hands,109,52,240,137
hands (472).jpeg,266,189,hands,63,35,189,85
hands (473).jpeg,266,190,hands,125,54,220,142
hands (474).jpeg,246,205,hands,18,38,126,114
hands (474).jpeg,246,205,hands,124,39,223,113
hands (475).jpeg,178,284,hands,24,45,178,196
hands (476).jpeg,260,194,hands,65,1,257,171
hands (477).jpeg,183,275,hands,2,72,164,203
hands (478).jpeg,254,199,hands,15,1,239,188
hands (479).jpeg,260,194,hands,1,48,187,173
hands (48).jpeg,612,408,hands,65,44,285,346
hands (48).jpeg,612,408,hands,271,45,540,348
hands (480).jpeg,228,221,hands,38,37,188,174
hands (481).jpeg,275,183,hands,15,11,149,166
hands (482).jpeg,246,204,hands,2,1,118,165
hands (482).jpeg,246,204,hands,118,1,246,165
hands (483).jpeg,183,276,hands,15,87,183,231
hands (484).jpeg,1000,667,hands,292,207,704,536
hands (485).jpeg,1000,668,hands,96,145,458,593
hands (485).jpeg,1000,668,hands,457,136,889,590
hands (486).jpeg,1000,1510,hands,234,525,743,1059
hands (486).jpeg,1000,1510,hands,434,1048,1000,1378
hands (486).jpeg,1000,1510,hands,1,1032,504,1380
hands (487).jpeg,1000,1333,hands,418,310,593,541
hands (487).jpeg,1000,1333,hands,410,802,599,1049
hands (488).jpeg,1000,1250,hands,224,380,688,909
hands (489).jpeg,1000,629,hands,1,164,369,603
hands (489).jpeg,1000,629,hands,451,137,820,404
hands (49).jpeg,612,408,hands,154,126,393,319
hands (490).jpeg,1000,667,hands,192,247,611,563
hands (491).jpeg,612,327,hands,132,29,277,124
hands (491).jpeg,612,327,hands,129,144,270,206
hands (491).jpeg,612,327,hands,119,238,270,300
hands (491).jpeg,612,327,hands,334,235,497,297
hands (491).jpeg,612,327,hands,337,150,486,208
hands (491).jpeg,612,327,hands,338,29,470,131
hands (492).jpeg,612,408,hands,140,250,365,356
hands (493).jpeg,612,406,hands,44,154,432,297
hands (494).jpeg,612,408,hands,173,33,440,353
hands (495).jpeg,276,183,hands,37,49,208,147
hands (496).jpeg,408,612,hands,72,70,202,330
hands (496).jpeg,408,612,hands,221,280,350,524
hands (497).jpeg,490,612,hands,92,11,274,70
hands (497).jpeg,490,612,hands,51,102,225,162
hands (497).jpeg,490,612,hands,50,163,181,307
hands (497).jpeg,490,612,hands,87,293,221,428
hands (497).jpeg,490,612,hands,44,437,193,592
hands (497).jpeg,490,612,hands,198,430,292,585
hands (497).jpeg,490,612,hands,300,470,433,597
hands (497).jpeg,490,612,hands,248,340,414,444
hands (497).jpeg,490,612,hands,235,212,392,328
hands (497).jpeg,490,612,hands,203,134,380,206
hands (497).jpeg,490,612,hands,268,8,428,129
hands (498).jpeg,612,363,hands,1,41,81,181
hands (498).jpeg,612,363,hands,82,51,158,172
hands (498).jpeg,612,363,hands,199,30,284,168
hands (498).jpeg,612,363,hands,291,38,413,179
hands (498).jpeg,612,363,hands,416,26,500,163
hands (498).jpeg,612,363,hands,515,41,597,130
hands (5).jpeg,264,191,hands,93,40,202,139
hands (50).jpeg,612,408,hands,88,73,285,387
hands (50).jpeg,612,408,hands,282,68,511,399
hands (500).jpeg,612,408,hands,44,23,296,184
hands (500).jpeg,612,408,hands,316,173,563,376
hands (502).jpeg,612,344,hands,147,138,433,242
hands (504).jpeg,612,408,hands,9,232,72,301
hands (504).jpeg,612,408,hands,73,250,156,323
hands (504).jpeg,612,408,hands,140,186,203,271
hands (504).jpeg,612,408,hands,206,223,261,280
hands (504).jpeg,612,408,hands,277,232,340,285
hands (504).jpeg,612,408,hands,335,200,409,280
hands (504).jpeg,612,408,hands,397,234,490,311
hands (504).jpeg,612,408,hands,485,222,556,273
hands (504).jpeg,612,408,hands,533,265,602,313
hands (509).jpeg,612,240,hands,14,23,125,190
hands (509).jpeg,612,240,hands,135,18,227,193
hands (509).jpeg,612,240,hands,237,26,338,203
hands (509).jpeg,612,240,hands,353,33,465,208
hands (509).jpeg,612,240,hands,477,33,599,197
hands (51).jpeg,612,410,hands,61,51,325,375
hands (51).jpeg,612,410,hands,284,82,597,333
hands (510).jpeg,612,396,hands,11,55,269,303
hands (510).jpeg,612,396,hands,354,60,583,306
hands (511).jpeg,612,408,hands,135,33,447,331
hands (512).jpeg,612,453,hands,24,15,523,444
hands (513).jpeg,612,408,hands,295,47,466,321
hands (514).jpeg,612,405,hands,164,64,469,319
hands (515).jpeg,612,612,hands,86,47,214,137
hands (515).jpeg,612,612,hands,81,147,212,225
hands (515).jpeg,612,612,hands,71,234,206,320
hands (515).jpeg,612,612,hands,45,339,167,420
hands (515).jpeg,612,612,hands,98,424,211,494
hands (515).jpeg,612,612,hands,70,494,193,567
hands (515).jpeg,612,612,hands,412,508,533,584
hands (515).jpeg,612,612,hands,403,421,514,494
hands (515).jpeg,612,612,hands,429,329,535,396
hands (515).jpeg,612,612,hands,395,219,518,292
hands (515).jpeg,612,612,hands,413,123,537,198
hands (515).jpeg,612,612,hands,388,45,515,111
hands (516).jpeg,612,408,hands,104,63,308,351
hands (516).jpeg,612,408,hands,306,63,492,355
hands (517).jpeg,612,471,hands,55,12,177,90
hands (517).jpeg,612,471,hands,63,94,172,159
hands (517).jpeg,612,471,hands,64,174,187,246
hands (517).jpeg,612,471,hands,79,249,177,350
hands (517).jpeg,612,471,hands,87,360,195,445
hands (517).jpeg,612,471,hands,200,305,294,429
hands (517).jpeg,612,471,hands,277,230,410,293
hands (517).jpeg,612,471,hands,298,118,394,219
hands (517).jpeg,612,471,hands,209,64,278,153
hands (517).jpeg,612,471,hands,284,40,389,112
hands (517).jpeg,612,471,hands,427,18,532,103
hands (517).jpeg,612,471,hands,464,109,567,182
hands (517).jpeg,612,471,hands,420,198,534,282
hands (517).jpeg,612,471,hands,434,292,528,358
hands (517).jpeg,612,471,hands,432,374,525,462
hands (517).jpeg,612,471,hands,337,303,424,423
hands (518).jpeg,612,612,hands,307,223,579,434
hands (518).jpeg,612,612,hands,123,230,367,462
hands (519).jpeg,408,612,hands,84,131,310,512
hands (52).jpeg,612,275,hands,106,129,473,241
hands (520).jpeg,612,408,hands,134,5,492,334
hands (521).jpeg,408,612,hands,112,120,324,408
hands (522).jpeg,612,361,hands,134,81,499,314
hands (523).jpeg,612,448,hands,97,67,496,382
hands (524).jpeg,612,182,hands,7,62,43,113
hands (524).jpeg,612,182,hands,45,72,70,129
hands (524).jpeg,612,182,hands,72,72,119,129
hands (524).jpeg,612,182,hands,127,74,173,124
hands (524).jpeg,612,182,hands,168,52,204,104
hands (524).jpeg,612,182,hands,197,78,256,123
hands (524).jpeg,612,182,hands,243,53,284,97
hands (524).jpeg,612,182,hands,278,78,321,115
hands (524).jpeg,612,182,hands,319,45,362,97
hands (524).jpeg,612,182,hands,366,52,397,92
hands (524).jpeg,612,182,hands,393,47,432,97
hands (524).jpeg,612,182,hands,424,84,457,135
hands (524).jpeg,612,182,hands,446,48,481,91
hands (524).jpeg,612,182,hands,486,58,527,104
hands (524).jpeg,612,182,hands,529,57,568,116
hands (524).jpeg,612,182,hands,567,69,597,123
hands (525).jpeg,612,408,hands,256,131,468,261
hands (526).jpeg,612,612,hands,41,48,298,342
hands (526).jpeg,612,612,hands,323,43,585,339
hands (527).jpeg,262,192,hands,82,49,249,101
hands (528).jpeg,259,194,hands,64,6,197,128
hands (529).jpeg,242,208,hands,35,119,184,174
hands (53).jpeg,612,432,hands,80,83,327,377
hands (53).jpeg,612,432,hands,321,79,569,362
hands (530).jpeg,262,192,hands,74,57,184,130
hands (531).jpeg,262,193,hands,30,37,139,128
hands (54).jpeg,612,394,hands,171,195,367,281
hands (55).jpeg,612,408,hands,32,82,191,228
hands (56).jpeg,408,612,hands,29,110,373,498
hands (57).jpeg,408,612,hands,92,67,340,495
hands (58).jpeg,612,408,hands,167,97,436,358
hands (59).jpeg,612,214,hands,24,20,106,195
hands (59).jpeg,612,214,hands,132,15,217,193
hands (59).jpeg,612,214,hands,248,14,330,195
hands (59).jpeg,612,214,hands,352,12,457,194
hands (59).jpeg,612,214,hands,463,11,607,188
hands (6).jpeg,276,183,hands,43,40,121,156
hands (6).jpeg,276,183,hands,121,40,198,160
hands (60).jpeg,612,408,hands,206,33,588,264
hands (60).jpeg,612,408,hands,130,128,430,401
hands (61).jpeg,612,393,hands,332,109,536,255
hands (62).jpeg,612,408,hands,1,51,543,408
hands (63).jpeg,612,408,hands,14,90,341,386
hands (63).jpeg,612,408,hands,333,56,606,310
hands (64).jpeg,612,405,hands,49,61,298,345
hands (64).jpeg,612,405,hands,322,70,576,341
hands (65).jpeg,406,612,hands,32,80,208,368
hands (65).jpeg,406,612,hands,183,74,363,373
hands (66).jpeg,408,612,hands,30,54,391,518
hands (67).jpeg,612,408,hands,190,82,412,333
hands (68).jpeg,612,408,hands,161,52,422,236
hands (68).jpeg,612,408,hands,246,159,437,335
hands (69).jpeg,612,407,hands,109,240,394,407
hands (7).jpeg,263,192,hands,21,57,137,130
hands (70).jpeg,612,373,hands,142,211,435,352
hands (70).jpeg,612,373,hands,143,20,425,164
hands (71).jpeg,249,202,hands,27,18,94,139
hands (71).jpeg,249,202,hands,143,15,214,131
hands (72).jpeg,275,183,hands,42,56,172,122
hands (73).jpeg,250,188,hands,1,1,250,188
hands (74).jpeg,268,188,hands,38,50,129,165
hands (74).jpeg,268,188,hands,139,48,224,167
hands (75).jpeg,200,252,hands,43,98,165,218
hands (76).jpeg,266,189,hands,1,1,220,179
hands (77).jpeg,234,215,hands,39,11,222,200
hands (78).jpeg,275,183,hands,92,73,214,158
hands (79).jpeg,266,189,hands,127,59,249,130
hands (8).jpeg,275,183,hands,52,56,158,110
hands (80).jpeg,257,196,hands,79,87,217,152
hands (81).jpeg,206,245,hands,50,87,167,182
hands (82).jpeg,276,183,hands,45,9,260,173
hands (83).jpeg,275,183,hands,37,47,183,112
hands (84).jpeg,243,207,hands,48,111,191,180
hands (85).jpeg,275,183,hands,38,71,216,149
hands (86).jpeg,268,188,hands,67,60,175,117
hands (87).jpeg,276,183,hands,31,24,211,162
hands (88).jpeg,275,183,hands,32,68,187,116
hands (89).jpeg,241,209,hands,2,1,241,194
hands (9).jpeg,260,194,hands,26,42,116,139
hands (90).jpeg,275,183,hands,43,41,234,172
hands (91).jpeg,296,170,hands,58,69,164,122
hands (92).jpeg,275,183,hands,63,26,143,140
hands (93).jpeg,225,225,hands,51,12,211,193
hands (94).jpeg,183,275,hands,35,29,121,169
hands (95).jpeg,408,612,hands,23,60,382,508
hands (96).jpeg,612,408,hands,148,121,273,348
hands (96).jpeg,612,408,hands,255,127,399,361
hands (97).jpeg,612,408,hands,151,161,603,309
hands (98).jpeg,612,408,hands,74,105,290,293
hands (99).jpeg,561,612,hands,64,195,194,339
hands (99).jpeg,561,612,hands,42,356,193,481
hands (99).jpeg,561,612,hands,201,347,291,485
hands (99).jpeg,561,612,hands,317,374,393,490
hands (99).jpeg,561,612,hands,386,316,532,442
hands (99).jpeg,561,612,hands,396,183,521,305
hands (99).jpeg,561,612,hands,322,142,394,252
hands (99).jpeg,561,612,hands,197,139,289,269
